task_id,hostname,native_id,process,tag,name,status,exit,module,container,cpus,time,disk,memory,attempt,submit,start,complete,duration,realtime,queue,%cpu,%mem,rss,vmem,peak_rss,peak_vmem,rchar,wchar,syscr,syscw,read_bytes,write_bytes,vol_ctxt,inv_ctxt,workdir,scratch,error_action,cpu_model
2,-,468076,NFCORE_AMPLISEQ:AMPLISEQ:RENAME_RAW_DATA_FILES,SRR10070130,NFCORE_AMPLISEQ:AMPLISEQ:RENAME_RAW_DATA_FILES (SRR10070130),COMPLETED,0,-,quay.io/nf-core/ubuntu:20.04,2,21600000,-,12884901888,1,1738756453613,1738756453655,1738756455360,1747,11,-,98.0,0.0,0,0,0,0,141800,878,227,17,208896,4096,0,0,/users/grad/kathleen/ichnos-gpgnode-15/work/ae/e28bdc0549544314135599fdcc3b20,-,-,Intel(R) Xeon(R) CPU E5-2640 v2 @ 2.00GHz
8,-,468062,NFCORE_AMPLISEQ:AMPLISEQ:RENAME_RAW_DATA_FILES,SRR10070149,NFCORE_AMPLISEQ:AMPLISEQ:RENAME_RAW_DATA_FILES (SRR10070149),COMPLETED,0,-,quay.io/nf-core/ubuntu:20.04,2,21600000,-,12884901888,1,1738756453581,1738756453650,1738756455414,1833,11,-,126.3,0.0,0,0,0,0,141801,879,227,17,0,4096,0,0,/users/grad/kathleen/ichnos-gpgnode-15/work/8c/e3b567b6e6a912b9d44f1fea10bb15,-,-,Intel(R) Xeon(R) CPU E5-2640 v2 @ 2.00GHz
9,-,468070,NFCORE_AMPLISEQ:AMPLISEQ:RENAME_RAW_DATA_FILES,SRR10070150,NFCORE_AMPLISEQ:AMPLISEQ:RENAME_RAW_DATA_FILES (SRR10070150),COMPLETED,0,-,quay.io/nf-core/ubuntu:20.04,2,21600000,-,12884901888,1,1738756453600,1738756453653,1738756455391,1791,10,-,128.0,0.0,0,0,0,0,141801,879,227,17,0,4096,0,0,/users/grad/kathleen/ichnos-gpgnode-15/work/e7/ae7afc63dd120b4e036dce1a5abe8a,-,-,Intel(R) Xeon(R) CPU E5-2640 v2 @ 2.00GHz
10,-,468090,NFCORE_AMPLISEQ:AMPLISEQ:RENAME_RAW_DATA_FILES,SRR10070151,NFCORE_AMPLISEQ:AMPLISEQ:RENAME_RAW_DATA_FILES (SRR10070151),COMPLETED,0,-,quay.io/nf-core/ubuntu:20.04,2,21600000,-,12884901888,1,1738756453640,1738756453658,1738756455449,1809,12,-,124.7,0.0,0,0,0,0,141801,879,227,17,0,4096,0,0,/users/grad/kathleen/ichnos-gpgnode-15/work/6a/58527c064dc5433ed23690186700db,-,-,Intel(R) Xeon(R) CPU E5-2640 v2 @ 2.00GHz
1,-,468083,NFCORE_AMPLISEQ:AMPLISEQ:FORMAT_TAXONOMY,-,NFCORE_AMPLISEQ:AMPLISEQ:FORMAT_TAXONOMY,COMPLETED,0,-,docker.io/biocontainers/biocontainers:v1.2.0_cv1,2,21600000,-,12884901888,1,1738756453627,1738756453656,1738756455991,2364,605,-,53.6,0.0,6238208,16896000,6238208,16896000,5940929,32562674,320,1019,0,32583680,24,0,/users/grad/kathleen/ichnos-gpgnode-15/work/62/92037f36b8140c2208f6e74627b3ab,-,-,Intel(R) Xeon(R) CPU E5-2640 v2 @ 2.00GHz
11,-,468514,NFCORE_AMPLISEQ:AMPLISEQ:RENAME_RAW_DATA_FILES,SRR10102392,NFCORE_AMPLISEQ:AMPLISEQ:RENAME_RAW_DATA_FILES (SRR10102392),COMPLETED,0,-,quay.io/nf-core/ubuntu:20.04,2,21600000,-,12884901888,1,1738756455406,1738756455416,1738756457448,2042,10,-,126.3,0.0,0,0,0,0,141801,879,227,17,0,4096,0,0,/users/grad/kathleen/ichnos-gpgnode-15/work/f2/6d19d3bc776228ea3360dba16f3ce1,-,-,Intel(R) Xeon(R) CPU E5-2640 v2 @ 2.00GHz
6,-,468440,NFCORE_AMPLISEQ:AMPLISEQ:RENAME_RAW_DATA_FILES,SRR10070134,NFCORE_AMPLISEQ:AMPLISEQ:RENAME_RAW_DATA_FILES (SRR10070134),COMPLETED,0,-,quay.io/nf-core/ubuntu:20.04,2,21600000,-,12884901888,1,1738756455378,1738756455392,1738756457455,2077,11,-,121.5,0.0,0,0,0,0,141802,879,227,17,0,4096,0,0,/users/grad/kathleen/ichnos-gpgnode-15/work/6c/b45ed807623b077ee0e1937eb9d5b0,-,-,Intel(R) Xeon(R) CPU E5-2640 v2 @ 2.00GHz
12,-,468570,NFCORE_AMPLISEQ:AMPLISEQ:RENAME_RAW_DATA_FILES,SRR10102393,NFCORE_AMPLISEQ:AMPLISEQ:RENAME_RAW_DATA_FILES (SRR10102393),COMPLETED,0,-,quay.io/nf-core/ubuntu:20.04,2,21600000,-,12884901888,1,1738756455431,1738756455450,1738756457475,2044,11,-,123.1,0.0,0,0,0,0,141800,879,227,17,0,4096,0,0,/users/grad/kathleen/ichnos-gpgnode-15/work/61/c20ea096c96bbb5011d6b941c350e9,-,-,Intel(R) Xeon(R) CPU E5-2640 v2 @ 2.00GHz
5,-,468618,NFCORE_AMPLISEQ:AMPLISEQ:RENAME_RAW_DATA_FILES,SRR10070133,NFCORE_AMPLISEQ:AMPLISEQ:RENAME_RAW_DATA_FILES (SRR10070133),COMPLETED,0,-,quay.io/nf-core/ubuntu:20.04,2,21600000,-,12884901888,1,1738756455467,1738756455549,1738756457541,2074,10,-,94.1,0.0,0,0,0,0,141801,878,227,17,0,4096,0,0,/users/grad/kathleen/ichnos-gpgnode-15/work/7e/1db89d7437f96ac5a6896ae841e3e8,-,-,Intel(R) Xeon(R) CPU E5-2640 v2 @ 2.00GHz
13,-,468648,NFCORE_AMPLISEQ:AMPLISEQ:RENAME_RAW_DATA_FILES,SRR10102394,NFCORE_AMPLISEQ:AMPLISEQ:RENAME_RAW_DATA_FILES (SRR10102394),COMPLETED,0,-,quay.io/nf-core/ubuntu:20.04,2,21600000,-,12884901888,1,1738756456009,1738756456090,1738756457802,1793,10,-,143.3,0.0,0,0,0,0,141802,879,227,17,0,4096,0,0,/users/grad/kathleen/ichnos-gpgnode-15/work/ec/1074da923adfe1be244b5d39972fb7,-,-,Intel(R) Xeon(R) CPU E5-2640 v2 @ 2.00GHz
4,-,468975,NFCORE_AMPLISEQ:AMPLISEQ:RENAME_RAW_DATA_FILES,SRR10070132,NFCORE_AMPLISEQ:AMPLISEQ:RENAME_RAW_DATA_FILES (SRR10070132),COMPLETED,0,-,quay.io/nf-core/ubuntu:20.04,2,21600000,-,12884901888,1,1738756457462,1738756457476,1738756459269,1807,11,-,128.0,0.0,0,0,0,0,141801,879,227,17,0,4096,0,0,/users/grad/kathleen/ichnos-gpgnode-15/work/04/103ed1960598f4adf59f9c97185d2c,-,-,Intel(R) Xeon(R) CPU E5-2640 v2 @ 2.00GHz
3,-,469008,NFCORE_AMPLISEQ:AMPLISEQ:RENAME_RAW_DATA_FILES,SRR10070131,NFCORE_AMPLISEQ:AMPLISEQ:RENAME_RAW_DATA_FILES (SRR10070131),COMPLETED,0,-,quay.io/nf-core/ubuntu:20.04,2,21600000,-,12884901888,1,1738756457482,1738756457542,1738756459288,1806,11,-,84.2,0.0,0,0,0,0,141800,878,227,17,0,4096,0,0,/users/grad/kathleen/ichnos-gpgnode-15/work/f1/46ad5372c3314286819e2c8da20dc3,-,-,Intel(R) Xeon(R) CPU E5-2640 v2 @ 2.00GHz
7,-,469023,NFCORE_AMPLISEQ:AMPLISEQ:RENAME_RAW_DATA_FILES,SRR10070141,NFCORE_AMPLISEQ:AMPLISEQ:RENAME_RAW_DATA_FILES (SRR10070141),COMPLETED,0,-,quay.io/nf-core/ubuntu:20.04,2,21600000,-,12884901888,1,1738756457501,1738756457544,1738756459291,1790,11,-,121.5,0.0,0,0,0,0,141800,879,227,17,0,4096,0,0,/users/grad/kathleen/ichnos-gpgnode-15/work/1f/2f6c9e03a84b95d204d5889abcfb13,-,-,Intel(R) Xeon(R) CPU E5-2640 v2 @ 2.00GHz
22,-,469459,NFCORE_AMPLISEQ:AMPLISEQ:CUTADAPT_WORKFLOW:CUTADAPT_BASIC,SRR10102392,NFCORE_AMPLISEQ:AMPLISEQ:CUTADAPT_WORKFLOW:CUTADAPT_BASIC (SRR10102392),COMPLETED,0,-,quay.io/biocontainers/cutadapt:4.6--py39hf95cd2a_1,6,43200000,-,17179869184,1,1738756519695,1738756519792,1738756523714,4019,2261,-,340.0,0.5,295321600,1673838592,314859520,1735970816,234141357,235350188,4266,254,1290240,31236096,3089,218,/users/grad/kathleen/ichnos-gpgnode-15/work/72/147ef72b3b80460402fa7e5181f8cf,-,-,Intel(R) Xeon(R) CPU E5-2640 v2 @ 2.00GHz
37,-,469466,NFCORE_AMPLISEQ:AMPLISEQ:CUTADAPT_WORKFLOW:CUTADAPT_BASIC,SRR10070141,NFCORE_AMPLISEQ:AMPLISEQ:CUTADAPT_WORKFLOW:CUTADAPT_BASIC (SRR10070141),COMPLETED,0,-,quay.io/biocontainers/cutadapt:4.6--py39hf95cd2a_1,6,43200000,-,17179869184,1,1738756519709,1738756519794,1738756523709,4000,2275,-,279.9,0.2,230113280,1437155328,246398976,1496637440,190765702,189211506,3584,212,15941632,26677248,3393,215,/users/grad/kathleen/ichnos-gpgnode-15/work/50/81ca8ac3848de881085ac349b9973b,-,-,Intel(R) Xeon(R) CPU E5-2640 v2 @ 2.00GHz
35,-,469450,NFCORE_AMPLISEQ:AMPLISEQ:CUTADAPT_WORKFLOW:CUTADAPT_BASIC,SRR10070131,NFCORE_AMPLISEQ:AMPLISEQ:CUTADAPT_WORKFLOW:CUTADAPT_BASIC (SRR10070131),COMPLETED,0,-,quay.io/biocontainers/cutadapt:4.6--py39hf95cd2a_1,6,43200000,-,17179869184,1,1738756519660,1738756519691,1738756523726,4066,2295,-,320.3,0.3,284450816,1662681088,295964672,1709248512,224593835,224915970,4142,238,3973120,28147712,3082,361,/users/grad/kathleen/ichnos-gpgnode-15/work/0c/4ef283a9141f8c54037d9d574e9777,-,-,Intel(R) Xeon(R) CPU E5-2640 v2 @ 2.00GHz
21,-,470602,NFCORE_AMPLISEQ:AMPLISEQ:CUTADAPT_WORKFLOW:CUTADAPT_BASIC,SRR10070151,NFCORE_AMPLISEQ:AMPLISEQ:CUTADAPT_WORKFLOW:CUTADAPT_BASIC (SRR10070151),COMPLETED,0,-,quay.io/biocontainers/cutadapt:4.6--py39hf95cd2a_1,6,43200000,-,17179869184,1,1738756523751,1738756523829,1738756527741,3990,2241,-,323.5,0.3,231944192,1263136768,255164416,1322057728,239175594,239502685,4330,253,0,31776768,3664,282,/users/grad/kathleen/ichnos-gpgnode-15/work/40/e85a0e28eecc53d302ef9f14e167be,-,-,Intel(R) Xeon(R) CPU E5-2640 v2 @ 2.00GHz
14,-,470585,NFCORE_AMPLISEQ:AMPLISEQ:CUTADAPT_WORKFLOW:CUTADAPT_BASIC,SRR10070130,NFCORE_AMPLISEQ:AMPLISEQ:CUTADAPT_WORKFLOW:CUTADAPT_BASIC (SRR10070130),COMPLETED,0,-,quay.io/biocontainers/cutadapt:4.6--py39hf95cd2a_1,6,43200000,-,17179869184,1,1738756523719,1738756523726,1738756527757,4038,2240,-,330.8,0.4,254464000,1459539968,283316224,1530322944,227145482,227716722,4185,252,12374016,28868608,3384,206,/users/grad/kathleen/ichnos-gpgnode-15/work/67/7a093ded9b82321d5548abed7048e4,-,-,Intel(R) Xeon(R) CPU E5-2640 v2 @ 2.00GHz
24,-,470595,NFCORE_AMPLISEQ:AMPLISEQ:CUTADAPT_WORKFLOW:CUTADAPT_BASIC,SRR10070134,NFCORE_AMPLISEQ:AMPLISEQ:CUTADAPT_WORKFLOW:CUTADAPT_BASIC (SRR10070134),COMPLETED,0,-,quay.io/biocontainers/cutadapt:4.6--py39hf95cd2a_1,6,43200000,-,17179869184,1,1738756523738,1738756523826,1738756527906,4168,2392,-,363.7,0.3,283901952,1663012864,311058432,1732571136,277342841,278953072,4912,284,14729216,35147776,2937,295,/users/grad/kathleen/ichnos-gpgnode-15/work/40/ecfa00557819f3f91e7a287d97fb26,-,-,Intel(R) Xeon(R) CPU E5-2640 v2 @ 2.00GHz
33,-,471699,NFCORE_AMPLISEQ:AMPLISEQ:CUTADAPT_WORKFLOW:CUTADAPT_BASIC,SRR10070132,NFCORE_AMPLISEQ:AMPLISEQ:CUTADAPT_WORKFLOW:CUTADAPT_BASIC (SRR10070132),COMPLETED,0,-,quay.io/biocontainers/cutadapt:4.6--py39hf95cd2a_1,6,43200000,-,17179869184,1,1738756527753,1738756527758,1738756531735,3982,1876,-,202.8,0.1,40681472,210026496,48476160,264228864,101707655,98838212,2318,137,0,13611008,277,13,/users/grad/kathleen/ichnos-gpgnode-15/work/cc/00e2495ca64164acb23e09af382ba7,-,-,Intel(R) Xeon(R) CPU E5-2640 v2 @ 2.00GHz
16,-,471708,NFCORE_AMPLISEQ:AMPLISEQ:CUTADAPT_WORKFLOW:CUTADAPT_BASIC,SRR10070150,NFCORE_AMPLISEQ:AMPLISEQ:CUTADAPT_WORKFLOW:CUTADAPT_BASIC (SRR10070150),COMPLETED,0,-,quay.io/biocontainers/cutadapt:4.6--py39hf95cd2a_1,6,43200000,-,17179869184,1,1738756527772,1738756527858,1738756532075,4303,2537,-,342.8,0.4,287150080,1663299584,311070720,1732071424,272116433,273561735,4801,283,30928896,36683776,2774,40,/users/grad/kathleen/ichnos-gpgnode-15/work/4f/11d5dee009eb2c50e423ff5f124ccb,-,-,Intel(R) Xeon(R) CPU E5-2640 v2 @ 2.00GHz
29,-,471728,NFCORE_AMPLISEQ:AMPLISEQ:CUTADAPT_WORKFLOW:CUTADAPT_BASIC,SRR10070133,NFCORE_AMPLISEQ:AMPLISEQ:CUTADAPT_WORKFLOW:CUTADAPT_BASIC (SRR10070133),COMPLETED,0,-,quay.io/biocontainers/cutadapt:4.6--py39hf95cd2a_1,6,43200000,-,17179869184,1,1738756527915,1738756528007,1738756532366,4451,2629,-,343.5,0.4,283029504,1663864832,295014400,1720647680,302040903,303205684,5198,316,37023744,42508288,2528,37,/users/grad/kathleen/ichnos-gpgnode-15/work/7f/335cd6111037f445ff609c3bf3aae8,-,-,Intel(R) Xeon(R) CPU E5-2640 v2 @ 2.00GHz
18,-,472807,NFCORE_AMPLISEQ:AMPLISEQ:CUTADAPT_WORKFLOW:CUTADAPT_BASIC,SRR10070149,NFCORE_AMPLISEQ:AMPLISEQ:CUTADAPT_WORKFLOW:CUTADAPT_BASIC (SRR10070149),COMPLETED,0,-,quay.io/biocontainers/cutadapt:4.6--py39hf95cd2a_1,6,43200000,-,17179869184,1,1738756531745,1738756531835,1738756536088,4343,2457,-,297.3,0.2,200138752,1233690624,242151424,1319432192,255683297,256611352,4551,270,14217216,34885632,4288,39,/users/grad/kathleen/ichnos-gpgnode-15/work/9a/e5da168bdc982693df4e668e342cac,-,-,Intel(R) Xeon(R) CPU E5-2640 v2 @ 2.00GHz
26,-,472915,NFCORE_AMPLISEQ:AMPLISEQ:CUTADAPT_WORKFLOW:CUTADAPT_BASIC,SRR10102393,NFCORE_AMPLISEQ:AMPLISEQ:CUTADAPT_WORKFLOW:CUTADAPT_BASIC (SRR10102393),COMPLETED,0,-,quay.io/biocontainers/cutadapt:4.6--py39hf95cd2a_1,6,43200000,-,17179869184,1,1738756532087,1738756532176,1738756536205,4118,2369,-,319.2,0.1,220966912,1424105472,277651456,1525796864,263538314,265418793,4692,282,0,35549184,3275,22,/users/grad/kathleen/ichnos-gpgnode-15/work/9d/499c5c95edcd766c00bd965059cb49,-,-,Intel(R) Xeon(R) CPU E5-2640 v2 @ 2.00GHz
31,-,472988,NFCORE_AMPLISEQ:AMPLISEQ:CUTADAPT_WORKFLOW:CUTADAPT_BASIC,SRR10102394,NFCORE_AMPLISEQ:AMPLISEQ:CUTADAPT_WORKFLOW:CUTADAPT_BASIC (SRR10102394),COMPLETED,0,-,quay.io/biocontainers/cutadapt:4.6--py39hf95cd2a_1,6,43200000,-,17179869184,1,1738756532379,1738756532466,1738756536318,3939,2111,-,322.3,0.3,267055104,1645920256,307859456,1724293120,238105343,238996259,4318,255,14336000,31789056,2608,35,/users/grad/kathleen/ichnos-gpgnode-15/work/a3/ee859aac4d620fc4e8ae3f6282cc9f,-,-,Intel(R) Xeon(R) CPU E5-2640 v2 @ 2.00GHz
19,-,474194,NFCORE_AMPLISEQ:AMPLISEQ:FASTQC,SRR10070149,NFCORE_AMPLISEQ:AMPLISEQ:FASTQC (SRR10070149),COMPLETED,0,-,quay.io/biocontainers/fastqc:0.12.1--hdfd78af_0,6,43200000,-,17179869184,1,1738756586961,1738756587005,1738756598457,11496,9706,-,201.1,1.0,709488640,67766185984,709488640,67770494976,44124785,6118516,67959,16218,21782528,6541312,368,7,/users/grad/kathleen/ichnos-gpgnode-15/work/71/b600752478a7c9e81fdadb7d31068d,-,-,Intel(R) Xeon(R) CPU E5-2640 v2 @ 2.00GHz
23,-,474188,NFCORE_AMPLISEQ:AMPLISEQ:FASTQC,SRR10102392,NFCORE_AMPLISEQ:AMPLISEQ:FASTQC (SRR10102392),COMPLETED,0,-,quay.io/biocontainers/fastqc:0.12.1--hdfd78af_0,6,43200000,-,17179869184,1,1738756586949,1738756587003,1738756598456,11507,9706,-,197.7,1.1,730361856,67629871104,730402816,67696979968,40265268,6256981,60632,16262,36765696,6848512,387,5,/users/grad/kathleen/ichnos-gpgnode-15/work/8c/24df923df4f5420be516448e57cc66,-,-,Intel(R) Xeon(R) CPU E5-2640 v2 @ 2.00GHz
27,-,474200,NFCORE_AMPLISEQ:AMPLISEQ:FASTQC,SRR10102393,NFCORE_AMPLISEQ:AMPLISEQ:FASTQC (SRR10102393),COMPLETED,0,-,quay.io/biocontainers/fastqc:0.12.1--hdfd78af_0,6,43200000,-,17179869184,1,1738756586971,1738756587007,1738756598465,11494,9715,-,197.1,1.3,879165440,67632537600,879251456,67634397184,43777224,6225347,67516,16239,27770880,6660096,446,4,/users/grad/kathleen/ichnos-gpgnode-15/work/b8/db4cb653cf1c1bb60fd0bcce5f9793,-,-,Intel(R) Xeon(R) CPU E5-2640 v2 @ 2.00GHz
30,-,476067,NFCORE_AMPLISEQ:AMPLISEQ:FASTQC,SRR10102394,NFCORE_AMPLISEQ:AMPLISEQ:FASTQC (SRR10102394),COMPLETED,0,-,quay.io/biocontainers/fastqc:0.12.1--hdfd78af_0,6,43200000,-,17179869184,1,1738756598509,1738756598567,1738756606982,8473,6738,-,263.0,1.0,708575232,67698028544,708575232,67759456256,40434025,5906742,61651,16331,20480,6279168,44,3,/users/grad/kathleen/ichnos-gpgnode-15/work/cc/09d610ea73cfaff5f664d201c053f3,-,-,Intel(R) Xeon(R) CPU E5-2640 v2 @ 2.00GHz
28,-,476069,NFCORE_AMPLISEQ:AMPLISEQ:FASTQC,SRR10070133,NFCORE_AMPLISEQ:AMPLISEQ:FASTQC (SRR10070133),COMPLETED,0,-,quay.io/biocontainers/fastqc:0.12.1--hdfd78af_0,6,43200000,-,17179869184,1,1738756598530,1738756598569,1738756608024,9494,7711,-,244.6,1.4,972845056,67629871104,972845056,67633606656,50971977,5880468,82153,16163,0,6258688,38,3,/users/grad/kathleen/ichnos-gpgnode-15/work/9f/3851c71b72a723f1f1a7aa2a657213,-,-,Intel(R) Xeon(R) CPU E5-2640 v2 @ 2.00GHz
17,-,476060,NFCORE_AMPLISEQ:AMPLISEQ:FASTQC,SRR10070150,NFCORE_AMPLISEQ:AMPLISEQ:FASTQC (SRR10070150),COMPLETED,0,-,quay.io/biocontainers/fastqc:0.12.1--hdfd78af_0,6,43200000,-,17179869184,1,1738756598465,1738756598565,1738756608030,9565,7709,-,240.8,1.3,849453056,67698028544,849543168,67698028544,45154751,5907786,70503,16143,0,6279168,37,4,/users/grad/kathleen/ichnos-gpgnode-15/work/cc/27762bfd4a15e40eb1f7bedc1c734e,-,-,Intel(R) Xeon(R) CPU E5-2640 v2 @ 2.00GHz
20,-,477601,NFCORE_AMPLISEQ:AMPLISEQ:FASTQC,SRR10070151,NFCORE_AMPLISEQ:AMPLISEQ:FASTQC (SRR10070151),COMPLETED,0,-,quay.io/biocontainers/fastqc:0.12.1--hdfd78af_0,6,43200000,-,17179869184,1,1738756607003,1738756607083,1738756616153,9150,7312,-,244.0,1.1,734707712,67561713664,734707712,67623141376,41077761,5916963,62825,16169,0,6291456,37,4,/users/grad/kathleen/ichnos-gpgnode-15/work/45/6cf4fef0493d78fc75db192c20faaa,-,-,Intel(R) Xeon(R) CPU E5-2640 v2 @ 2.00GHz
25,-,477954,NFCORE_AMPLISEQ:AMPLISEQ:FASTQC,SRR10070134,NFCORE_AMPLISEQ:AMPLISEQ:FASTQC (SRR10070134),COMPLETED,0,-,quay.io/biocontainers/fastqc:0.12.1--hdfd78af_0,6,43200000,-,17179869184,1,1738756608058,1738756608135,1738756617313,9255,6734,-,269.8,1.2,836653056,67561713664,836653056,67565953024,43104861,5981257,66866,16439,0,6344704,41,2,/users/grad/kathleen/ichnos-gpgnode-15/work/53/f1e26ac14d7de9fe09901e2e4df0d9,-,-,Intel(R) Xeon(R) CPU E5-2640 v2 @ 2.00GHz
15,-,477947,NFCORE_AMPLISEQ:AMPLISEQ:FASTQC,SRR10070130,NFCORE_AMPLISEQ:AMPLISEQ:FASTQC (SRR10070130),COMPLETED,0,-,quay.io/biocontainers/fastqc:0.12.1--hdfd78af_0,6,43200000,-,17179869184,1,1738756608034,1738756608131,1738756617309,9275,6775,-,249.9,1.0,673021952,67561713664,673021952,67565953024,37903035,5996345,56673,16468,0,6393856,42,3,/users/grad/kathleen/ichnos-gpgnode-15/work/16/d5bf711ccef47c4fc76929c20c9fde,-,-,Intel(R) Xeon(R) CPU E5-2640 v2 @ 2.00GHz
36,-,479288,NFCORE_AMPLISEQ:AMPLISEQ:FASTQC,SRR10070141,NFCORE_AMPLISEQ:AMPLISEQ:FASTQC (SRR10070141),COMPLETED,0,-,quay.io/biocontainers/fastqc:0.12.1--hdfd78af_0,6,43200000,-,17179869184,1,1738756616164,1738756616253,1738756623726,7562,5711,-,271.5,0.9,615866368,67561713664,616697856,67623141376,37940285,5901579,56604,16160,0,6270976,37,6,/users/grad/kathleen/ichnos-gpgnode-15/work/9e/f66c758b58bfb6dfbd75782b696b9b,-,-,Intel(R) Xeon(R) CPU E5-2640 v2 @ 2.00GHz
32,-,479635,NFCORE_AMPLISEQ:AMPLISEQ:FASTQC,SRR10070132,NFCORE_AMPLISEQ:AMPLISEQ:FASTQC (SRR10070132),COMPLETED,0,-,quay.io/biocontainers/fastqc:0.12.1--hdfd78af_0,6,43200000,-,17179869184,1,1738756617322,1738756617414,1738756625221,7899,6060,-,238.4,1.1,717463552,67698028544,717557760,67698028544,26193928,5995128,33713,16478,0,6381568,54,5,/users/grad/kathleen/ichnos-gpgnode-15/work/f7/80ceeb1b84201684c5a74ddc462b7a,-,-,Intel(R) Xeon(R) CPU E5-2640 v2 @ 2.00GHz
34,-,479638,NFCORE_AMPLISEQ:AMPLISEQ:FASTQC,SRR10070131,NFCORE_AMPLISEQ:AMPLISEQ:FASTQC (SRR10070131),COMPLETED,0,-,quay.io/biocontainers/fastqc:0.12.1--hdfd78af_0,6,43200000,-,17179869184,1,1738756617345,1738756617416,1738756626209,8864,6975,-,233.4,1.1,748871680,67629871104,748957696,67691298816,37405480,5986129,55732,16294,0,6352896,36,3,/users/grad/kathleen/ichnos-gpgnode-15/work/ea/67a1d7ebe1dbca835b29067417fa9f,-,-,Intel(R) Xeon(R) CPU E5-2640 v2 @ 2.00GHz
38,-,484220,NFCORE_AMPLISEQ:AMPLISEQ:CUTADAPT_WORKFLOW:CUTADAPT_SUMMARY_STD,cutadapt_standard,NFCORE_AMPLISEQ:AMPLISEQ:CUTADAPT_WORKFLOW:CUTADAPT_SUMMARY_STD (cutadapt_standard),COMPLETED,0,-,quay.io/biocontainers/python:3.8.3,2,21600000,-,12884901888,1,1738756788692,1738756788700,1738756790663,1971,108,-,74.8,0.0,11726848,27590656,11726848,27590656,553306,931,332,16,3497984,8192,69,0,/users/grad/kathleen/ichnos-gpgnode-15/work/c0/4d56abb7a3d31c9d96d98feee59c63,-,-,Intel(R) Xeon(R) CPU E5-2640 v2 @ 2.00GHz
41,-,484363,NFCORE_AMPLISEQ:AMPLISEQ:CUTADAPT_WORKFLOW:CUTADAPT_SUMMARY_MERGE,cutadapt_standard_summary.tsv,NFCORE_AMPLISEQ:AMPLISEQ:CUTADAPT_WORKFLOW:CUTADAPT_SUMMARY_MERGE (cutadapt_standard_summary.tsv),COMPLETED,0,-,quay.io/biocontainers/bioconductor-dada2:1.30.0--r43hf17093f_0,2,21600000,-,12884901888,1,1738756790700,1738756790763,1738756794468,3768,10,-,129.7,0.0,0,0,0,0,129866,735,195,13,0,4096,0,0,/users/grad/kathleen/ichnos-gpgnode-15/work/1e/c018dee12914e950936a9c3c6cc6d9,-,-,Intel(R) Xeon(R) CPU E5-2640 v2 @ 2.00GHz
39,-,481796,NFCORE_AMPLISEQ:AMPLISEQ:DADA2_PREPROCESSING:DADA2_QUALITY1,RV,NFCORE_AMPLISEQ:AMPLISEQ:DADA2_PREPROCESSING:DADA2_QUALITY1 (RV),COMPLETED,0,-,quay.io/biocontainers/bioconductor-dada2:1.30.0--r43hf17093f_0,2,21600000,-,12884901888,1,1738756723221,1738756723251,1738756798374,75153,71467,-,102.1,2.6,1748410368,10969804800,1857925120,11153485824,430710883,6896165,38722,196,37285888,2052096,4073,209,/users/grad/kathleen/ichnos-gpgnode-15/work/74/8a1b7e53087040d795eb8c59cbdbc1,-,-,Intel(R) Xeon(R) CPU E5-2640 v2 @ 2.00GHz
40,-,481801,NFCORE_AMPLISEQ:AMPLISEQ:DADA2_PREPROCESSING:DADA2_QUALITY1,FW,NFCORE_AMPLISEQ:AMPLISEQ:DADA2_PREPROCESSING:DADA2_QUALITY1 (FW),COMPLETED,0,-,quay.io/biocontainers/bioconductor-dada2:1.30.0--r43hf17093f_0,2,21600000,-,12884901888,1,1738756723235,1738756723254,1738756799010,75775,72121,-,102.5,2.6,1745940480,10874044416,1859055616,11153190912,420745219,6742752,37665,147,28663808,1507328,4341,238,/users/grad/kathleen/ichnos-gpgnode-15/work/28/dac6519aef47b2056f21d35af42c24,-,-,Intel(R) Xeon(R) CPU E5-2640 v2 @ 2.00GHz
43,-,484884,NFCORE_AMPLISEQ:AMPLISEQ:DADA2_PREPROCESSING:TRUNCLEN,FW,NFCORE_AMPLISEQ:AMPLISEQ:DADA2_PREPROCESSING:TRUNCLEN (FW),COMPLETED,0,-,quay.io/biocontainers/pandas:1.1.5,2,21600000,-,12884901888,1,1738756866300,1738756866325,1738756869702,3402,1638,-,202.9,0.1,59371520,4683730944,59371520,4683730944,10802550,8243,1440,19,25034752,12288,2048,34,/users/grad/kathleen/ichnos-gpgnode-15/work/a9/6ab0d6b3427aa965d5d0d0c9ffe77a,-,-,Intel(R) Xeon(R) CPU E5-2640 v2 @ 2.00GHz
42,-,484876,NFCORE_AMPLISEQ:AMPLISEQ:DADA2_PREPROCESSING:TRUNCLEN,RV,NFCORE_AMPLISEQ:AMPLISEQ:DADA2_PREPROCESSING:TRUNCLEN (RV),COMPLETED,0,-,quay.io/biocontainers/pandas:1.1.5,2,21600000,-,12884901888,1,1738756866268,1738756866323,1738756869701,3433,1630,-,190.4,0.1,59719680,4683730944,59719680,4683730944,10802552,8243,1440,19,22233088,12288,2107,33,/users/grad/kathleen/ichnos-gpgnode-15/work/05/d74e917587d67ec471e8290494c81f,-,-,Intel(R) Xeon(R) CPU E5-2640 v2 @ 2.00GHz
47,-,485300,NFCORE_AMPLISEQ:AMPLISEQ:DADA2_PREPROCESSING:DADA2_FILTNTRIM,SRR10070151,NFCORE_AMPLISEQ:AMPLISEQ:DADA2_PREPROCESSING:DADA2_FILTNTRIM (SRR10070151),COMPLETED,0,-,quay.io/biocontainers/bioconductor-dada2:1.30.0--r43hf17093f_0,6,43200000,-,17179869184,1,1738756869807,1738756869901,1738756922618,52811,49085,-,104.7,1.6,1099522048,5811601408,1099522048,5811601408,74312170,19046555,4471,2351,663552,19070976,2033,269,/users/grad/kathleen/ichnos-gpgnode-15/work/1f/ffc6e04796ee61281440586c253165,-,-,Intel(R) Xeon(R) CPU E5-2640 v2 @ 2.00GHz
49,-,485295,NFCORE_AMPLISEQ:AMPLISEQ:DADA2_PREPROCESSING:DADA2_FILTNTRIM,SRR10070134,NFCORE_AMPLISEQ:AMPLISEQ:DADA2_PREPROCESSING:DADA2_FILTNTRIM (SRR10070134),COMPLETED,0,-,quay.io/biocontainers/bioconductor-dada2:1.30.0--r43hf17093f_0,6,43200000,-,17179869184,1,1738756869771,1738756869801,1738756924556,54785,51002,-,103.1,1.6,1046999040,5829459968,1126989824,5839089664,77679185,20242388,4677,2497,0,20267008,1467,190,/users/grad/kathleen/ichnos-gpgnode-15/work/ae/0f3b83e0a354963408ebdaa3b9972f,-,-,Intel(R) Xeon(R) CPU E5-2640 v2 @ 2.00GHz
54,-,485305,NFCORE_AMPLISEQ:AMPLISEQ:DADA2_PREPROCESSING:DADA2_FILTNTRIM,SRR10102393,NFCORE_AMPLISEQ:AMPLISEQ:DADA2_PREPROCESSING:DADA2_FILTNTRIM (SRR10102393),COMPLETED,0,-,quay.io/biocontainers/bioconductor-dada2:1.30.0--r43hf17093f_0,6,43200000,-,17179869184,1,1738756869834,1738756869904,1738756924952,55118,51394,-,104.0,1.7,1116606464,5828874240,1116606464,5843230720,78092069,19370029,4702,2390,0,19394560,1556,211,/users/grad/kathleen/ichnos-gpgnode-15/work/00/f8eee89afcde48edae062b5d3e1792,-,-,Intel(R) Xeon(R) CPU E5-2640 v2 @ 2.00GHz
46,-,487931,NFCORE_AMPLISEQ:AMPLISEQ:DADA2_PREPROCESSING:DADA2_FILTNTRIM,SRR10070131,NFCORE_AMPLISEQ:AMPLISEQ:DADA2_PREPROCESSING:DADA2_FILTNTRIM (SRR10070131),COMPLETED,0,-,quay.io/biocontainers/bioconductor-dada2:1.30.0--r43hf17093f_0,6,43200000,-,17179869184,1,1738756922648,1738756922718,1738756970847,48199,44533,-,108.0,1.6,1085296640,5797515264,1161740288,5873905664,70594263,16424389,4218,2030,0,16437248,1589,222,/users/grad/kathleen/ichnos-gpgnode-15/work/7e/bc89cbba70850dcbeab49f8d83d63f,-,-,Intel(R) Xeon(R) CPU E5-2640 v2 @ 2.00GHz
45,-,488034,NFCORE_AMPLISEQ:AMPLISEQ:DADA2_PREPROCESSING:DADA2_FILTNTRIM,SRR10102392,NFCORE_AMPLISEQ:AMPLISEQ:DADA2_PREPROCESSING:DADA2_FILTNTRIM (SRR10102392),COMPLETED,0,-,quay.io/biocontainers/bioconductor-dada2:1.30.0--r43hf17093f_0,6,43200000,-,17179869184,1,1738756924580,1738756924656,1738756976093,51513,47514,-,107.4,1.6,1093365760,5805740032,1172733952,5884997632,73692973,17537505,4407,2166,0,17551360,1286,199,/users/grad/kathleen/ichnos-gpgnode-15/work/61/dca86da8543a53eeb0a902b882f5a0,-,-,Intel(R) Xeon(R) CPU E5-2640 v2 @ 2.00GHz
52,-,488108,NFCORE_AMPLISEQ:AMPLISEQ:DADA2_PREPROCESSING:DADA2_FILTNTRIM,SRR10070133,NFCORE_AMPLISEQ:AMPLISEQ:DADA2_PREPROCESSING:DADA2_FILTNTRIM (SRR10070133),COMPLETED,0,-,quay.io/biocontainers/bioconductor-dada2:1.30.0--r43hf17093f_0,6,43200000,-,17179869184,1,1738756924971,1738756925052,1738756984527,59556,55461,-,106.4,1.7,1141723136,5853990912,1141846016,5853990912,85045455,23338669,5126,2875,0,23363584,1554,209,/users/grad/kathleen/ichnos-gpgnode-15/work/f7/5a5d7cc891bba42d9fc731c4e10fd6,-,-,Intel(R) Xeon(R) CPU E5-2640 v2 @ 2.00GHz
48,-,490545,NFCORE_AMPLISEQ:AMPLISEQ:DADA2_PREPROCESSING:DADA2_FILTNTRIM,SRR10070130,NFCORE_AMPLISEQ:AMPLISEQ:DADA2_PREPROCESSING:DADA2_FILTNTRIM (SRR10070130),COMPLETED,0,-,quay.io/biocontainers/bioconductor-dada2:1.30.0--r43hf17093f_0,6,43200000,-,17179869184,1,1738756970866,1738756970947,1738757019982,49116,45368,-,107.7,1.5,999075840,5804118016,1165180928,5877276672,71316719,16104500,4262,1991,0,16121856,1854,186,/users/grad/kathleen/ichnos-gpgnode-15/work/73/5c36e93b304639bf9412c4e56a472d,-,-,Intel(R) Xeon(R) CPU E5-2640 v2 @ 2.00GHz
55,-,491040,NFCORE_AMPLISEQ:AMPLISEQ:DADA2_PREPROCESSING:DADA2_FILTNTRIM,SRR10102394,NFCORE_AMPLISEQ:AMPLISEQ:DADA2_PREPROCESSING:DADA2_FILTNTRIM (SRR10102394),COMPLETED,0,-,quay.io/biocontainers/bioconductor-dada2:1.30.0--r43hf17093f_0,6,43200000,-,17179869184,1,1738756976122,1738756976193,1738757027254,51132,47484,-,107.4,1.6,1098399744,5810688000,1098399744,5810688000,74322592,17950519,4471,2217,0,17973248,1482,194,/users/grad/kathleen/ichnos-gpgnode-15/work/b5/006f3a685df5474728876e460d191a,-,-,Intel(R) Xeon(R) CPU E5-2640 v2 @ 2.00GHz
51,-,491814,NFCORE_AMPLISEQ:AMPLISEQ:DADA2_PREPROCESSING:DADA2_FILTNTRIM,SRR10070150,NFCORE_AMPLISEQ:AMPLISEQ:DADA2_PREPROCESSING:DADA2_FILTNTRIM (SRR10070150),COMPLETED,0,-,quay.io/biocontainers/bioconductor-dada2:1.30.0--r43hf17093f_0,6,43200000,-,17179869184,1,1738756984554,1738756984627,1738757041670,57116,53473,-,106.6,1.5,1041973248,5841309696,1121816576,5841309696,79229028,21721934,4772,2678,0,21745664,1855,198,/users/grad/kathleen/ichnos-gpgnode-15/work/c7/c5451f3560887521e555055edc8add,-,-,Intel(R) Xeon(R) CPU E5-2640 v2 @ 2.00GHz
50,-,493710,NFCORE_AMPLISEQ:AMPLISEQ:DADA2_PREPROCESSING:DADA2_FILTNTRIM,SRR10070132,NFCORE_AMPLISEQ:AMPLISEQ:DADA2_PREPROCESSING:DADA2_FILTNTRIM (SRR10070132),COMPLETED,0,-,quay.io/biocontainers/bioconductor-dada2:1.30.0--r43hf17093f_0,6,43200000,-,17179869184,1,1738757027277,1738757027354,1738757058886,31609,28008,-,112.8,1.4,920788992,5634920448,920788992,5665734656,56052976,7284519,3330,914,0,7299072,1204,170,/users/grad/kathleen/ichnos-gpgnode-15/work/52/0347b28ddb633a80b678e214611bcd,-,-,Intel(R) Xeon(R) CPU E5-2640 v2 @ 2.00GHz
44,-,493132,NFCORE_AMPLISEQ:AMPLISEQ:DADA2_PREPROCESSING:DADA2_FILTNTRIM,SRR10070141,NFCORE_AMPLISEQ:AMPLISEQ:DADA2_PREPROCESSING:DADA2_FILTNTRIM (SRR10070141),COMPLETED,0,-,quay.io/biocontainers/bioconductor-dada2:1.30.0--r43hf17093f_0,6,43200000,-,17179869184,1,1738757020011,1738757020083,1738757062806,42795,39156,-,109.3,1.6,1090637824,5803548672,1090637824,5803548672,69108908,14240142,4128,1763,0,14258176,1406,184,/users/grad/kathleen/ichnos-gpgnode-15/work/ca/c430e346c7da0f7991f29414dc389d,-,-,Intel(R) Xeon(R) CPU E5-2640 v2 @ 2.00GHz
53,-,494711,NFCORE_AMPLISEQ:AMPLISEQ:DADA2_PREPROCESSING:DADA2_FILTNTRIM,SRR10070149,NFCORE_AMPLISEQ:AMPLISEQ:DADA2_PREPROCESSING:DADA2_FILTNTRIM (SRR10070149),COMPLETED,0,-,quay.io/biocontainers/bioconductor-dada2:1.30.0--r43hf17093f_0,6,43200000,-,17179869184,1,1738757041691,1738757041769,1738757096036,54345,50563,-,107.0,1.6,1104023552,5816147968,1104023552,5816147968,77430497,20785533,4662,2563,0,20807680,1473,233,/users/grad/kathleen/ichnos-gpgnode-15/work/75/cab0211ad50995c32c2403d01a3793,-,-,Intel(R) Xeon(R) CPU E5-2640 v2 @ 2.00GHz
57,-,495841,NFCORE_AMPLISEQ:AMPLISEQ:DADA2_PREPROCESSING:DADA2_QUALITY2,RV,NFCORE_AMPLISEQ:AMPLISEQ:DADA2_PREPROCESSING:DADA2_QUALITY2 (RV),COMPLETED,0,-,quay.io/biocontainers/bioconductor-dada2:1.30.0--r43hf17093f_0,2,21600000,-,12884901888,1,1738757097040,1738757097138,1738757164571,67531,63808,-,104.0,2.6,1758760960,10966761472,1861214208,11145510912,251265458,5004620,22265,133,36864,1228800,2038,204,/users/grad/kathleen/ichnos-gpgnode-15/work/7f/5d563ed690c628f69b36d711ad2844,-,-,Intel(R) Xeon(R) CPU E5-2640 v2 @ 2.00GHz
56,-,495835,NFCORE_AMPLISEQ:AMPLISEQ:DADA2_PREPROCESSING:DADA2_QUALITY2,FW,NFCORE_AMPLISEQ:AMPLISEQ:DADA2_PREPROCESSING:DADA2_QUALITY2 (FW),COMPLETED,0,-,quay.io/biocontainers/bioconductor-dada2:1.30.0--r43hf17093f_0,2,21600000,-,12884901888,1,1738757097021,1738757097038,1738757167450,70429,66685,-,104.1,2.7,1806548992,11015548928,1867919360,11150897152,273956863,5904352,24288,142,0,1445888,1697,219,/users/grad/kathleen/ichnos-gpgnode-15/work/be/0d911f601be7e32dd93e32e9118687,-,-,Intel(R) Xeon(R) CPU E5-2640 v2 @ 2.00GHz
58,-,495846,NFCORE_AMPLISEQ:AMPLISEQ:DADA2_ERR,1,NFCORE_AMPLISEQ:AMPLISEQ:DADA2_ERR (1),COMPLETED,0,-,quay.io/biocontainers/bioconductor-dada2:1.30.0--r43hf17093f_0,6,43200000,-,17179869184,1,1738757097061,1738757097140,1738760060199,2963138,2959264,-,299.6,2.9,1968152576,7283945472,1970429952,7286222848,145316332,1248950,9060,290,9326592,1413120,1320,5435,/users/grad/kathleen/ichnos-gpgnode-15/work/2a/133eecaa741b590bc9cc44395492a1,-,-,Intel(R) Xeon(R) CPU E5-2640 v2 @ 2.00GHz
59,-,504305,NFCORE_AMPLISEQ:AMPLISEQ:DADA2_DENOISING,1,NFCORE_AMPLISEQ:AMPLISEQ:DADA2_DENOISING (1),COMPLETED,0,-,quay.io/biocontainers/bioconductor-dada2:1.30.0--r43hf17093f_0,6,172800000,-,17179869184,1,1738760060335,1738760060499,1738760830141,769806,760225,-,267.3,2.5,1675272192,6957207552,1770987520,7085953024,470956219,44865876,28809,5824,27193344,44982272,3606,1800,/users/grad/kathleen/ichnos-gpgnode-15/work/99/d8c5f31db0ecd625124da809372ca9,-,-,Intel(R) Xeon(R) CPU E5-2640 v2 @ 2.00GHz
60,-,508338,NFCORE_AMPLISEQ:AMPLISEQ:DADA2_RMCHIMERA,1,NFCORE_AMPLISEQ:AMPLISEQ:DADA2_RMCHIMERA (1),COMPLETED,0,-,quay.io/biocontainers/bioconductor-dada2:1.30.0--r43hf17093f_0,6,43200000,-,17179869184,1,1738760830207,1738760830242,1738760912017,81810,77648,-,504.0,1.1,752422912,5825323008,758693888,5825323008,43062447,638358,2542,100,1949696,647168,1763,211,/users/grad/kathleen/ichnos-gpgnode-15/work/60/f8d828ca2f660657ef6e339e325e26,-,-,Intel(R) Xeon(R) CPU E5-2640 v2 @ 2.00GHz
61,-,509402,NFCORE_AMPLISEQ:AMPLISEQ:DADA2_STATS,1,NFCORE_AMPLISEQ:AMPLISEQ:DADA2_STATS (1),COMPLETED,0,-,quay.io/biocontainers/bioconductor-dada2:1.30.0--r43hf17093f_0,2,21600000,-,12884901888,1,1738760912138,1738760912218,1738760937069,24931,19848,-,118.7,1.1,771784704,5484097536,771784704,5484097536,87216350,1347,5202,21,0,8192,1779,145,/users/grad/kathleen/ichnos-gpgnode-15/work/ab/95b27af4958d2162456becdc7f8c54,-,-,Intel(R) Xeon(R) CPU E5-2640 v2 @ 2.00GHz
62,-,510641,NFCORE_AMPLISEQ:AMPLISEQ:DADA2_MERGE,-,NFCORE_AMPLISEQ:AMPLISEQ:DADA2_MERGE,COMPLETED,0,-,quay.io/biocontainers/bioconductor-dada2:1.22.0--r41h399db7b_0,2,21600000,-,12884901888,1,1738761141744,1738761141791,1738761163685,21941,18320,-,96.3,0.8,540397568,5243318272,540397568,5243318272,39825054,8540795,2446,1065,43479040,8552448,2455,137,/users/grad/kathleen/ichnos-gpgnode-15/work/13/5af4d71c9c52d38630c3692474a8c6,-,-,Intel(R) Xeon(R) CPU E5-2640 v2 @ 2.00GHz
63,-,511355,NFCORE_AMPLISEQ:AMPLISEQ:MERGE_STATS_STD,-,NFCORE_AMPLISEQ:AMPLISEQ:MERGE_STATS_STD (1),COMPLETED,0,-,quay.io/biocontainers/bioconductor-dada2:1.30.0--r43hf17093f_0,2,21600000,-,12884901888,1,1738761163779,1738761163786,1738761167871,4092,432,-,616.1,0.0,19185664,4657475584,19185664,4657475584,6292533,1736,582,21,0,8192,38,4,/users/grad/kathleen/ichnos-gpgnode-15/work/05/beab1d86ad57409227e1c5b58d64be,-,-,Intel(R) Xeon(R) CPU E5-2640 v2 @ 2.00GHz
64,-,511361,NFCORE_AMPLISEQ:AMPLISEQ:DADA2_TAXONOMY_WF:DADA2_TAXONOMY,ASV_seqs.fasta,assignTaxonomy.fna,NFCORE_AMPLISEQ:AMPLISEQ:DADA2_TAXONOMY_WF:DADA2_TAXONOMY (ASV_seqs.fasta,assignTaxonomy.fna),COMPLETED,0,-,quay.io/biocontainers/bioconductor-dada2:1.30.0--r43hf17093f_0,16,129600000,-,17179869184,1,1738761163810,1738761163886,1738761375175,211365,207749,-,1266.8,3.8,2532478976,8320544768,2532528128,8387653632,114544008,5276873,6919,667,393216,5287936,2290,487,/users/grad/kathleen/ichnos-gpgnode-15/work/da/343b66848e6f608554ed2ae99fe99d,-,-,Intel(R) Xeon(R) CPU E5-2640 v2 @ 2.00GHz
66,-,512679,NFCORE_AMPLISEQ:AMPLISEQ:BARRNAP,ASV_seqs.fasta,NFCORE_AMPLISEQ:AMPLISEQ:BARRNAP (ASV_seqs.fasta),COMPLETED,0,-,quay.io/biocontainers/barrnap:0.9--hdfd78af_4,2,21600000,-,12884901888,1,1738761214720,1738761214733,1738761603682,388962,386455,-,196.5,0.1,71745536,223948800,75026432,271159296,1659095597,113792249,42312,79558,14565376,29884416,929,13,/users/grad/kathleen/ichnos-gpgnode-15/work/70/8d0f6994c8ad0448058dd7b119bf56,-,-,Intel(R) Xeon(R) CPU E5-2640 v2 @ 2.00GHz
68,-,530926,NFCORE_AMPLISEQ:AMPLISEQ:BARRNAPSUMMARY,-,NFCORE_AMPLISEQ:AMPLISEQ:BARRNAPSUMMARY,COMPLETED,0,-,quay.io/biocontainers/python:3.9,1,14400000,-,6442450944,1,1738761670042,1738761670068,1738761672676,2634,482,-,34.3,0.0,10403840,26406912,10403840,26406912,5279155,799230,864,17,3371008,806912,53,0,/users/grad/kathleen/ichnos-gpgnode-15/work/15/06fde984638bff05483fae5733e9b2,-,-,Intel(R) Xeon(R) CPU E5-2640 v2 @ 2.00GHz
67,-,517581,NFCORE_AMPLISEQ:AMPLISEQ:DADA2_TAXONOMY_WF:DADA2_ADDSPECIES,ASV_tax.rds,addSpecies.fna.gz,NFCORE_AMPLISEQ:AMPLISEQ:DADA2_TAXONOMY_WF:DADA2_ADDSPECIES (ASV_tax.rds,addSpecies.fna.gz),COMPLETED,0,-,quay.io/biocontainers/bioconductor-dada2:1.30.0--r43hf17093f_0,1,129600000,-,17179869184,1,1738761375265,1738761375276,1738761706449,331184,325294,-,101.2,40.0,26977587200,31805382656,26977587200,31805382656,65292740,4110320,5149,535,1789952,4120576,2043,603,/users/grad/kathleen/ichnos-gpgnode-15/work/2f/de6e41227b862adc3f520ea76284d2,-,-,Intel(R) Xeon(R) CPU E5-2640 v2 @ 2.00GHz
69,-,535369,NFCORE_AMPLISEQ:AMPLISEQ:PHYLOSEQ_WORKFLOW:PHYLOSEQ,dada2,NFCORE_AMPLISEQ:AMPLISEQ:PHYLOSEQ_WORKFLOW:PHYLOSEQ (dada2),COMPLETED,0,-,quay.io/biocontainers/bioconductor-phyloseq:1.46.0--r43hdfd78af_0,2,21600000,-,12884901888,1,1738761835773,1738761835784,1738761856523,20750,15918,-,90.4,0.7,487895040,5198409728,487895040,5198409728,46525823,1221052,3029,169,52744192,1224704,3046,140,/users/grad/kathleen/ichnos-gpgnode-15/work/03/0bc33e9c3e2467369aaa7dcc6b9699,-,-,Intel(R) Xeon(R) CPU E5-2640 v2 @ 2.00GHz
65,-,520372,NFCORE_AMPLISEQ:AMPLISEQ:PICRUST,ASV_seqs.fasta,ASV_table.tsv,NFCORE_AMPLISEQ:AMPLISEQ:PICRUST (ASV_seqs.fasta,ASV_table.tsv),COMPLETED,0,-,quay.io/biocontainers/picrust2:2.5.2--pyhdfd78af_0,6,43200000,-,17179869184,1,1738761433585,1738761433653,1738763778421,2344836,2340904,-,329.1,22.8,15334416384,30904872960,15987679232,32484696064,3576758354,2397761802,268843,188184,224792576,1088016384,117807,2959,/users/grad/kathleen/ichnos-gpgnode-15/work/a1/ea28a41eff9d15912e21bac4895c70,-,-,Intel(R) Xeon(R) CPU E5-2640 v2 @ 2.00GHz
70,-,559545,NFCORE_AMPLISEQ:AMPLISEQ:MULTIQC,-,NFCORE_AMPLISEQ:AMPLISEQ:MULTIQC,COMPLETED,0,-,quay.io/biocontainers/multiqc:1.21--pyhdfd78af_0,1,14400000,-,6442450944,1,1738764088990,1738764089057,1738764152694,63704,61605,-,52.6,0.9,618737664,10908581888,765861888,15027781632,81726007,47570208,9863,582,63324160,45318144,13210,401,/users/grad/kathleen/ichnos-gpgnode-15/work/69/a2b44819d689136eab26cd05ed0831,-,-,Intel(R) Xeon(R) CPU E5-2640 v2 @ 2.00GHz
71,-,563975,NFCORE_AMPLISEQ:AMPLISEQ:SUMMARY_REPORT,-,NFCORE_AMPLISEQ:AMPLISEQ:SUMMARY_REPORT (1),COMPLETED,0,-,quay.io/biocontainers/mulled-v2-b2ec1fea5791d428eebb8c8ea7409c350d31dada:a447f6b7a6afde38352b24c30ae9cd6e39df95c4-1,2,21600000,-,12884901888,1,1738764254539,1738764254635,1738764274809,20270,15374,-,86.2,0.3,223395840,5021102080,223395840,5676429312,43064150,9537304,5241,5107,140689408,9756672,2489,141,/users/grad/kathleen/ichnos-gpgnode-15/work/2f/7d5167a61d19386e8f3470c5704aee,-,-,Intel(R) Xeon(R) CPU E5-2640 v2 @ 2.00GHz
